{"cameraMode":{"drawMode":0,"name":"Shaded","section":"Shading Mode"},"sceneLighting":true,"audioPlay":false,"sceneViewState":{"m_AlwaysRefresh":false,"showFog":true,"showSkybox":true,"showFlares":true,"showImageEffects":true,"showParticleSystems":true,"showVisualEffectGraphs":true,"m_FxEnabled":true},"in2DMode":false,"pivot":{"x":0.03343862295150757,"y":1.047889232635498,"z":-0.10992169380187988},"rotation":{"x":0.49076971411705019,"y":0.22056739032268525,"z":-0.1299782246351242,"w":0.8328306674957275},"size":0.9790381789207459,"orthographic":false}